{
  "S_score": 1.625161659697387,
  "S_score_ci": [
    1.4765702813863755,
    1.7914311349391938
  ],
  "p_classical": 0.0,
  "p_tsirelson": 0.0,
  "pr_box_teacher_loss": 0.0,
  "correlations": {
    "(0, 0)": 0.7962264150943397,
    "(0, 1)": 0.77431906614786,
    "(1, 0)": 0.7408906882591093,
    "(1, 1)": 0.6862745098039216
  },
  "non_signaling_metric_A": 0.05349093675613403,
  "non_signaling_metric_A_ci": [
    0.012621277943253517,
    0.13272994756698608
  ],
  "non_signaling_metric_B": 0.05619126558303833,
  "non_signaling_metric_B_ci": [
    0.013229706324636936,
    0.14469057321548462
  ],
  "R_effective": 1.0,
  "K_effective": 33.35
}