{
  "best_s_score": 3.3053200244903564,
  "s_score_history": [
    0.9068875908851624,
    0.9068875908851624,
    2.0,
    2.0,
    2.1163671016693115,
    2.1163671016693115,
    2.1163671016693115,
    2.1163671016693115,
    2.1163671016693115,
    2.1163671016693115,
    2.1163671016693115,
    2.1163671016693115,
    2.1163671016693115,
    2.1163671016693115,
    2.1163671016693115,
    2.1163671016693115,
    2.1163671016693115,
    2.2170040607452393,
    2.2170040607452393,
    2.2170040607452393,
    2.2252581119537354,
    2.3081188201904297,
    2.3081188201904297,
    2.3081188201904297,
    2.396496057510376,
    2.396496057510376,
    2.396496057510376,
    2.396496057510376,
    2.396496057510376,
    2.4841151237487793,
    2.4841151237487793,
    2.62170672416687,
    2.62170672416687,
    2.62170672416687,
    2.62170672416687,
    2.6379470825195312,
    2.8169031143188477,
    2.8169031143188477,
    2.8169031143188477,
    2.8169031143188477,
    2.8169031143188477,
    2.8998546600341797,
    2.8998546600341797,
    2.8998546600341797,
    2.8998546600341797,
    2.9101974964141846,
    2.9243085384368896,
    2.9243085384368896,
    2.9243085384368896,
    2.9312262535095215,
    2.9312262535095215,
    2.9463605880737305,
    2.9463605880737305,
    2.9643445014953613,
    2.9643445014953613,
    2.9643445014953613,
    2.9643445014953613,
    2.9643445014953613,
    2.9643445014953613,
    2.9643445014953613,
    3.068077325820923,
    3.075552463531494,
    3.075552463531494,
    3.075552463531494,
    3.090979814529419,
    3.090979814529419,
    3.1351821422576904,
    3.1351821422576904,
    3.1351821422576904,
    3.1351821422576904,
    3.1351821422576904,
    3.1351821422576904,
    3.1351821422576904,
    3.151595115661621,
    3.151595115661621,
    3.1582727432250977,
    3.1582727432250977,
    3.1582727432250977,
    3.1582727432250977,
    3.2825727462768555,
    3.2825727462768555,
    3.2825727462768555,
    3.2825727462768555,
    3.2825727462768555,
    3.2825727462768555,
    3.2825727462768555,
    3.2825727462768555,
    3.2825727462768555,
    3.2825727462768555,
    3.2825727462768555,
    3.2825727462768555,
    3.2825727462768555,
    3.2825727462768555,
    3.2825727462768555,
    3.2874159812927246,
    3.2874159812927246,
    3.3053200244903564,
    3.3053200244903564,
    3.3053200244903564,
    3.3053200244903564
  ],
  "controller_units": 16,
  "total_generations": 100,
  "total_time_seconds": 709.2544045448303,
  "config": {
    "seed": 42,
    "classical_system": {
      "units": 50,
      "sr": 0.95,
      "lr": 0.3
    },
    "controller": {
      "units": 16
    },
    "chsh_evaluation": {
      "delay": 1
    },
    "simulation": {
      "T_total": 4000,
      "generations": 100,
      "population_size": 10
    }
  }
}