{
  "best_s_score": 3.3957138061523438,
  "s_score_history": [
    1.9850330352783203,
    1.9941987991333008,
    2.0,
    2.0,
    2.0,
    2.0,
    2.0,
    2.0020346641540527,
    2.0040225982666016,
    2.0040225982666016,
    2.0040225982666016,
    2.0040225982666016,
    2.01823091506958,
    2.01823091506958,
    2.01823091506958,
    2.01823091506958,
    2.038297176361084,
    2.038297176361084,
    2.1437113285064697,
    2.1437113285064697,
    2.1437113285064697,
    2.1437113285064697,
    2.1437113285064697,
    2.1437113285064697,
    2.1437113285064697,
    2.1437113285064697,
    2.2816765308380127,
    2.2816765308380127,
    2.3540472984313965,
    2.3540472984313965,
    2.3540472984313965,
    2.3540472984313965,
    2.3540472984313965,
    2.4224672317504883,
    2.49372935295105,
    2.49372935295105,
    2.49372935295105,
    2.5268638134002686,
    2.5306503772735596,
    2.5453028678894043,
    2.5453028678894043,
    2.5709736347198486,
    2.7649896144866943,
    2.7649896144866943,
    2.7649896144866943,
    2.7649896144866943,
    2.7649896144866943,
    2.7649896144866943,
    2.7649896144866943,
    2.7649896144866943,
    2.7649896144866943,
    2.7911300659179688,
    3.1169581413269043,
    3.1974027156829834,
    3.1974027156829834,
    3.1974027156829834,
    3.1974027156829834,
    3.1974027156829834,
    3.1974027156829834,
    3.1974027156829834,
    3.1974027156829834,
    3.1974027156829834,
    3.1974027156829834,
    3.1974027156829834,
    3.206374168395996,
    3.206374168395996,
    3.206374168395996,
    3.2537593841552734,
    3.2537593841552734,
    3.2537593841552734,
    3.2537593841552734,
    3.2537593841552734,
    3.2537593841552734,
    3.2650797367095947,
    3.2650797367095947,
    3.2650797367095947,
    3.2650797367095947,
    3.3141207695007324,
    3.3141207695007324,
    3.3534317016601562,
    3.3534317016601562,
    3.3534317016601562,
    3.3534317016601562,
    3.3957138061523438,
    3.3957138061523438,
    3.3957138061523438,
    3.3957138061523438,
    3.3957138061523438,
    3.3957138061523438,
    3.3957138061523438,
    3.3957138061523438,
    3.3957138061523438,
    3.3957138061523438,
    3.3957138061523438,
    3.3957138061523438,
    3.3957138061523438,
    3.3957138061523438,
    3.3957138061523438,
    3.3957138061523438,
    3.3957138061523438
  ],
  "controller_units": 5,
  "total_generations": 100,
  "total_time_seconds": 729.2493124008179,
  "config": {
    "seed": 42,
    "classical_system": {
      "units": 50,
      "sr": 0.95,
      "lr": 0.3
    },
    "controller": {
      "units": 5
    },
    "chsh_evaluation": {
      "delay": 1
    },
    "simulation": {
      "T_total": 4000,
      "generations": 100,
      "population_size": 10
    }
  }
}