{
  "s_scores": [
    2.0042166709899902,
    2.0041322708129883,
    2.0,
    2.002150774002075,
    2.0043740272521973,
    2.0,
    2.0061984062194824,
    2.006211280822754,
    2.002138137817383,
    2.002066135406494,
    2.0063130855560303,
    2.0041449069976807,
    2.0171422958374023,
    2.002117156982422,
    2.0061984062194824,
    2.002066135406494,
    2.002066135406494,
    2.0041322708129883,
    2.0064055919647217,
    2.006439447402954,
    2.0021378993988037,
    2.002225875854492,
    2.0165414810180664,
    2.0021462440490723,
    2.0041322708129883,
    2.004199504852295,
    2.00211238861084,
    2.0041913986206055,
    2.0041322708129883,
    2.0020997524261475,
    2.0020997524261475,
    2.0041322708129883,
    2.0041322708129883,
    2.0041322708129883,
    2.0041322708129883,
    2.004178524017334,
    2.0041451454162598,
    2.0020790100097656,
    2.0061984062194824,
    2.0063083171844482,
    2.0000126361846924,
    2.0021588802337646,
    2.002066135406494,
    2.00211238861084,
    2.0041322708129883,
    2.00211238861084,
    2.00211238861084,
    2.004157543182373,
    2.002066135406494,
    2.002066135406494,
    2.0061984062194824,
    2.002066135406494,
    2.0061984062194824,
    2.002066135406494,
    2.0020790100097656,
    2.0020790100097656,
    2.002117156982422,
    2.0041322708129883,
    2.002066135406494,
    2.0041449069976807,
    2.002066135406494,
    2.0020790100097656,
    2.008361577987671,
    2.0041322708129883,
    2.0021252632141113,
    2.0041322708129883,
    2.0020787715911865,
    2.0041322708129883,
    2.0020997524261475,
    2.00211238861084,
    2.0041322708129883,
    2.0041322708129883,
    2.0041322708129883,
    2.004157781600952,
    2.0020997524261475,
    2.0041451454162598,
    2.0002315044403076,
    2.0,
    2.0020997524261475,
    2.002066135406494,
    2.002066135406494,
    2.002091646194458,
    2.002066135406494,
    2.0061984062194824,
    2.0001609325408936,
    2.002066135406494,
    2.0,
    2.0000126361846924,
    2.0,
    2.0020790100097656,
    2.002066135406494,
    2.0,
    2.002066135406494,
    2.0000128746032715,
    2.0000128746032715,
    2.0,
    2.0,
    2.0,
    2.002066135406494,
    2.0
  ],
  "best_s": 2.0171422958374023
}