{
  "s_scores": [
    2.002066135406494,
    2.0041322708129883,
    2.0000336170196533,
    2.0586588382720947,
    2.0,
    2.0,
    2.0,
    2.0,
    2.0,
    2.0,
    2.0000128746032715,
    2.000025510787964,
    2.0,
    2.0,
    2.0000128746032715,
    2.0,
    2.0,
    2.00211238861084,
    2.002378463745117,
    2.010448694229126,
    2.0,
    2.0064103603363037,
    2.0197486877441406,
    2.0062873363494873,
    2.0000126361846924,
    2.0,
    2.0,
    2.0000126361846924,
    2.0,
    2.0,
    2.0,
    2.0000462532043457,
    2.0,
    2.0,
    2.0,
    2.0,
    2.0,
    2.0,
    2.0,
    2.0,
    2.0,
    2.0,
    2.0,
    2.0,
    2.0,
    2.0,
    2.0,
    2.0,
    2.0,
    2.0,
    2.0,
    2.0,
    2.0,
    2.0,
    2.0,
    2.0,
    2.0000126361846924,
    2.0,
    2.0,
    2.0,
    2.0,
    2.0042548179626465,
    2.0,
    2.0026450157165527,
    2.0041322708129883,
    2.002066135406494,
    2.0000336170196533,
    2.0002071857452393,
    2.002066135406494,
    2.002066135406494,
    2.0021681785583496,
    2.0000126361846924,
    2.0206992626190186,
    2.0103816986083984,
    2.002066135406494,
    2.0020787715911865,
    2.0041704177856445,
    2.0021424293518066,
    2.0107741355895996,
    2.0064353942871094,
    2.004157781600952,
    2.002066135406494,
    2.006211042404175,
    2.0064783096313477,
    2.0020787715911865,
    2.004157781600952,
    2.002066135406494,
    2.0061984062194824,
    2.004157781600952,
    2.0041322708129883,
    2.0,
    2.008277177810669,
    2.000063896179199,
    2.0,
    2.0082900524139404,
    2.002091407775879,
    2.0041322708129883,
    2.002066135406494,
    2.0041322708129883,
    2.0083236694335938
  ],
  "best_s": 2.0586588382720947
}