{
  "best_s_score": 3.3746538162231445,
  "s_score_history": [
    1.0656790733337402,
    2.2207794189453125,
    2.2207794189453125,
    2.622410774230957,
    2.622410774230957,
    2.622410774230957,
    2.622410774230957,
    2.622410774230957,
    2.622410774230957,
    2.622410774230957,
    2.622410774230957,
    2.622410774230957,
    2.622410774230957,
    2.622410774230957,
    2.622410774230957,
    2.622410774230957,
    2.622410774230957,
    2.622410774230957,
    2.622410774230957,
    2.622410774230957,
    2.622410774230957,
    2.622410774230957,
    2.622410774230957,
    2.622410774230957,
    2.622410774230957,
    2.622410774230957,
    2.622410774230957,
    2.622410774230957,
    2.622410774230957,
    2.622410774230957,
    2.622410774230957,
    2.622410774230957,
    2.622410774230957,
    2.622410774230957,
    2.622410774230957,
    2.622410774230957,
    2.622410774230957,
    2.622410774230957,
    2.622410774230957,
    2.622410774230957,
    2.622410774230957,
    2.622410774230957,
    2.622410774230957,
    2.622410774230957,
    2.622410774230957,
    2.622410774230957,
    2.622410774230957,
    2.7055768966674805,
    2.7055768966674805,
    2.8110344409942627,
    2.8606715202331543,
    2.8606715202331543,
    2.8606715202331543,
    2.8606715202331543,
    2.8606715202331543,
    2.894468069076538,
    2.92191219329834,
    2.92191219329834,
    2.926454544067383,
    2.926454544067383,
    2.926454544067383,
    2.946101665496826,
    3.062103509902954,
    3.062103509902954,
    3.062103509902954,
    3.171416759490967,
    3.171416759490967,
    3.171416759490967,
    3.171416759490967,
    3.171416759490967,
    3.171416759490967,
    3.1781013011932373,
    3.1859726905822754,
    3.1859726905822754,
    3.1859726905822754,
    3.2515406608581543,
    3.2515406608581543,
    3.2515406608581543,
    3.2515406608581543,
    3.2515406608581543,
    3.304274797439575,
    3.304274797439575,
    3.304274797439575,
    3.304274797439575,
    3.304274797439575,
    3.304274797439575,
    3.304274797439575,
    3.304274797439575,
    3.304274797439575,
    3.304274797439575,
    3.304274797439575,
    3.304274797439575,
    3.304274797439575,
    3.3746538162231445,
    3.3746538162231445,
    3.3746538162231445,
    3.3746538162231445,
    3.3746538162231445,
    3.3746538162231445,
    3.3746538162231445
  ],
  "controller_units": 64,
  "total_generations": 100,
  "total_time_seconds": 779.7107412815094,
  "config": {
    "seed": 42,
    "classical_system": {
      "units": 50,
      "sr": 0.95,
      "lr": 0.3
    },
    "controller": {
      "units": 64
    },
    "chsh_evaluation": {
      "delay": 1
    },
    "simulation": {
      "T_total": 4000,
      "generations": 100,
      "population_size": 10
    }
  }
}