{
  "best_s_score": 3.0066354274749756,
  "s_score_history": [
    2.034813165664673,
    2.034813165664673,
    2.034813165664673,
    2.034813165664673,
    2.034813165664673,
    2.034813165664673,
    2.034813165664673,
    2.0515804290771484,
    2.0622057914733887,
    2.087397813796997,
    2.087397813796997,
    2.087397813796997,
    2.087397813796997,
    2.087397813796997,
    2.087397813796997,
    2.087397813796997,
    2.087397813796997,
    2.087397813796997,
    2.087397813796997,
    2.087397813796997,
    2.087397813796997,
    2.087397813796997,
    2.087397813796997,
    2.0954484939575195,
    2.0954484939575195,
    2.0954484939575195,
    2.0954484939575195,
    2.0954484939575195,
    2.0954484939575195,
    2.1499862670898438,
    2.1499862670898438,
    2.2285258769989014,
    2.2285258769989014,
    2.2285258769989014,
    2.2285258769989014,
    2.2285258769989014,
    2.2285258769989014,
    2.2285258769989014,
    2.431255340576172,
    2.618938446044922,
    2.6976208686828613,
    2.6976208686828613,
    2.6976208686828613,
    2.6976208686828613,
    2.6976208686828613,
    2.6976208686828613,
    2.8472347259521484,
    2.8472347259521484,
    2.8472347259521484,
    2.8472347259521484,
    2.891550302505493,
    2.891550302505493,
    2.891550302505493,
    2.891550302505493,
    2.891550302505493,
    2.891550302505493,
    2.891550302505493,
    2.953726291656494,
    2.953726291656494,
    2.9628090858459473,
    2.9628090858459473,
    2.9628090858459473,
    2.9628090858459473,
    2.9628090858459473,
    2.9628090858459473,
    2.9628090858459473,
    2.9628090858459473,
    2.9628090858459473,
    2.9628090858459473,
    2.9628090858459473,
    2.964303493499756,
    2.964303493499756,
    2.964303493499756,
    2.964303493499756,
    2.964303493499756,
    2.964303493499756,
    2.964303493499756,
    2.964303493499756,
    2.964303493499756,
    2.964303493499756,
    2.964303493499756,
    2.964303493499756,
    2.964303493499756,
    2.964303493499756,
    2.991501808166504,
    2.991501808166504,
    2.991501808166504,
    2.991501808166504,
    2.991501808166504,
    3.0066354274749756,
    3.0066354274749756,
    3.0066354274749756,
    3.0066354274749756,
    3.0066354274749756,
    3.0066354274749756,
    3.0066354274749756,
    3.0066354274749756,
    3.0066354274749756,
    3.0066354274749756,
    3.0066354274749756
  ],
  "controller_units": 48,
  "total_generations": 100,
  "total_time_seconds": 739.4682366847992,
  "config": {
    "seed": 42,
    "classical_system": {
      "units": 50,
      "sr": 0.95,
      "lr": 0.3
    },
    "controller": {
      "units": 48
    },
    "chsh_evaluation": {
      "delay": 1
    },
    "simulation": {
      "T_total": 4000,
      "generations": 100,
      "population_size": 10
    }
  }
}