{
  "s_scores": [
    2.0,
    2.0,
    2.0083026456463084,
    2.0,
    2.0041449590170886,
    2.0,
    2.0,
    2.0,
    2.0,
    2.0,
    2.0,
    2.0,
    2.0,
    2.0,
    2.0,
    2.0,
    2.0,
    2.0001018208970422,
    2.0,
    2.0,
    2.0,
    2.0,
    2.0,
    2.0,
    2.0,
    2.0,
    2.0,
    2.0062446700968444,
    2.0,
    2.0,
    2.0,
    2.0,
    2.0020661157024793,
    2.0,
    2.0,
    2.0,
    2.0,
    2.0,
    2.0,
    2.0,
    2.00001272761213,
    2.0,
    2.0,
    2.0,
    2.0,
    2.0,
    2.0,
    2.0,
    2.0,
    2.0,
    2.0,
    2.0,
    2.0,
    2.0,
    2.0,
    2.0020661157024793,
    2.0,
    2.0042213246898704,
    2.0,
    2.0020661157024793,
    2.0021170261510006,
    2.006236529943829,
    2.0104705822458295,
    2.016799758168472,
    2.015768131742444,
    2.0,
    2.0000254552242605,
    2.0,
    2.0,
    2.004246779914131,
    2.0042085970777404,
    2.0020788433146093,
    2.0,
    2.0020661157024793,
    2.0041576866292194,
    2.0022824851086938,
    2.0,
    2.000076365672782,
    2.0,
    2.0,
    2.008289918034178,
    2.0020661157024793,
    2.0,
    2.0042213246898704,
    2.012727612130263,
    2.0020915709267397,
    2.0238208126052615,
    2.0588139507322065,
    2.046659081147806,
    2.0546735791742323,
    2.0257734145637825,
    2.019506841936578,
    2.028732981044067,
    2.028869432083599,
    2.0443684558860964,
    2.022404839886639,
    2.0346823981332287,
    2.0922702555635535,
    2.094226410215975,
    2.1229657033278464
  ],
  "best_s": 2.1229657033278464
}