{
  "best_s_score": 3.294257879257202,
  "s_score_history": [
    2.0020346641540527,
    2.0020346641540527,
    2.0020346641540527,
    2.1762030124664307,
    2.1762030124664307,
    2.1762030124664307,
    2.2954494953155518,
    2.2954494953155518,
    2.2954494953155518,
    2.2954494953155518,
    2.322221040725708,
    2.322221040725708,
    2.322221040725708,
    2.322221040725708,
    2.4672040939331055,
    2.4672040939331055,
    2.4672040939331055,
    2.4672040939331055,
    2.941673755645752,
    2.941673755645752,
    2.941673755645752,
    2.941673755645752,
    2.941673755645752,
    2.941673755645752,
    2.941673755645752,
    2.941673755645752,
    2.941673755645752,
    2.9628634452819824,
    3.0061638355255127,
    3.0061638355255127,
    3.0061638355255127,
    3.0061638355255127,
    3.0061638355255127,
    3.09635066986084,
    3.09635066986084,
    3.09635066986084,
    3.09635066986084,
    3.09635066986084,
    3.09635066986084,
    3.09635066986084,
    3.2053704261779785,
    3.2053704261779785,
    3.2053704261779785,
    3.2053704261779785,
    3.2053704261779785,
    3.2053704261779785,
    3.2053704261779785,
    3.2053704261779785,
    3.2053704261779785,
    3.2053704261779785,
    3.267486810684204,
    3.267486810684204,
    3.267486810684204,
    3.267486810684204,
    3.267486810684204,
    3.267486810684204,
    3.267486810684204,
    3.267486810684204,
    3.267486810684204,
    3.267486810684204,
    3.267486810684204,
    3.294257879257202,
    3.294257879257202,
    3.294257879257202,
    3.294257879257202,
    3.294257879257202,
    3.294257879257202,
    3.294257879257202,
    3.294257879257202,
    3.294257879257202,
    3.294257879257202,
    3.294257879257202,
    3.294257879257202,
    3.294257879257202,
    3.294257879257202,
    3.294257879257202,
    3.294257879257202,
    3.294257879257202,
    3.294257879257202,
    3.294257879257202,
    3.294257879257202,
    3.294257879257202,
    3.294257879257202,
    3.294257879257202,
    3.294257879257202,
    3.294257879257202,
    3.294257879257202,
    3.294257879257202,
    3.294257879257202,
    3.294257879257202,
    3.294257879257202,
    3.294257879257202,
    3.294257879257202,
    3.294257879257202,
    3.294257879257202,
    3.294257879257202,
    3.294257879257202,
    3.294257879257202,
    3.294257879257202,
    3.294257879257202
  ],
  "controller_units": 1,
  "total_generations": 100,
  "total_time_seconds": 716.9523162841797,
  "config": {
    "seed": 2024,
    "classical_system": {
      "units": 50,
      "sr": 0.95,
      "lr": 0.3
    },
    "controller": {
      "units": 1
    },
    "chsh_evaluation": {
      "delay": 1
    },
    "simulation": {
      "T_total": 4000,
      "generations": 100,
      "population_size": 10
    }
  }
}