{
  "best_s_score": 3.5598442554473877,
  "s_score_history": [
    2.0,
    2.0,
    2.0020346641540527,
    2.002180576324463,
    2.002180576324463,
    2.002180576324463,
    2.002180576324463,
    2.002180576324463,
    2.3769123554229736,
    2.3769123554229736,
    2.3769123554229736,
    2.3769123554229736,
    2.3769123554229736,
    2.3769123554229736,
    2.3769123554229736,
    2.47925066947937,
    2.5065808296203613,
    2.5065808296203613,
    2.5065808296203613,
    2.920621156692505,
    2.920621156692505,
    2.920621156692505,
    2.920621156692505,
    2.920621156692505,
    2.920621156692505,
    2.920621156692505,
    2.920621156692505,
    2.920621156692505,
    2.920621156692505,
    2.920621156692505,
    2.920621156692505,
    3.081390380859375,
    3.081390380859375,
    3.081390380859375,
    3.0993809700012207,
    3.0993809700012207,
    3.0993809700012207,
    3.0993809700012207,
    3.125547409057617,
    3.125547409057617,
    3.2588555812835693,
    3.314906597137451,
    3.362013101577759,
    3.362013101577759,
    3.362013101577759,
    3.362013101577759,
    3.362013101577759,
    3.362013101577759,
    3.362013101577759,
    3.410505771636963,
    3.410505771636963,
    3.410505771636963,
    3.410505771636963,
    3.4284965991973877,
    3.4681472778320312,
    3.4681472778320312,
    3.4847543239593506,
    3.4847543239593506,
    3.4847543239593506,
    3.4847543239593506,
    3.4847543239593506,
    3.4847543239593506,
    3.4847543239593506,
    3.4847543239593506,
    3.4847543239593506,
    3.4847543239593506,
    3.4847543239593506,
    3.4847543239593506,
    3.4847543239593506,
    3.4847543239593506,
    3.4847543239593506,
    3.4847543239593506,
    3.4847543239593506,
    3.4847543239593506,
    3.4847543239593506,
    3.4847543239593506,
    3.4847543239593506,
    3.4847543239593506,
    3.4847543239593506,
    3.4847543239593506,
    3.4847543239593506,
    3.4847543239593506,
    3.4847543239593506,
    3.4847543239593506,
    3.4847543239593506,
    3.4847543239593506,
    3.4847543239593506,
    3.4847543239593506,
    3.490297794342041,
    3.5598442554473877,
    3.5598442554473877,
    3.5598442554473877,
    3.5598442554473877,
    3.5598442554473877,
    3.5598442554473877,
    3.5598442554473877,
    3.5598442554473877,
    3.5598442554473877,
    3.5598442554473877,
    3.5598442554473877
  ],
  "controller_units": 3,
  "total_generations": 100,
  "total_time_seconds": 715.454939365387,
  "config": {
    "seed": 101,
    "classical_system": {
      "units": 50,
      "sr": 0.95,
      "lr": 0.3
    },
    "controller": {
      "units": 3
    },
    "chsh_evaluation": {
      "delay": 1
    },
    "simulation": {
      "T_total": 4000,
      "generations": 100,
      "population_size": 10
    }
  }
}