{
  "best_s_score": 3.670419692993164,
  "s_score_history": [
    1.9999535083770752,
    2.1389708518981934,
    2.1389708518981934,
    2.1389708518981934,
    2.7159392833709717,
    2.7159392833709717,
    2.7159392833709717,
    2.7159392833709717,
    2.7159392833709717,
    2.7159392833709717,
    2.7159392833709717,
    2.7159392833709717,
    2.7159392833709717,
    2.7159392833709717,
    2.7159392833709717,
    2.7159392833709717,
    2.7159392833709717,
    2.7159392833709717,
    2.8082213401794434,
    2.8082213401794434,
    2.8455238342285156,
    2.8455238342285156,
    2.8455238342285156,
    2.8455238342285156,
    2.8455238342285156,
    2.8455238342285156,
    2.8455238342285156,
    2.9099931716918945,
    2.9099931716918945,
    2.9099931716918945,
    2.952545166015625,
    3.0850133895874023,
    3.0850133895874023,
    3.0850133895874023,
    3.0850133895874023,
    3.0850133895874023,
    3.0850133895874023,
    3.0850133895874023,
    3.0850133895874023,
    3.0850133895874023,
    3.0850133895874023,
    3.0850133895874023,
    3.0850133895874023,
    3.0850133895874023,
    3.0850133895874023,
    3.0850133895874023,
    3.0850133895874023,
    3.0850133895874023,
    3.0850133895874023,
    3.0850133895874023,
    3.0850133895874023,
    3.203197717666626,
    3.203197717666626,
    3.280421733856201,
    3.4032347202301025,
    3.4032347202301025,
    3.4032347202301025,
    3.4032347202301025,
    3.4032347202301025,
    3.4082672595977783,
    3.4082672595977783,
    3.4082672595977783,
    3.4082672595977783,
    3.4355931282043457,
    3.4355931282043457,
    3.440791130065918,
    3.440791130065918,
    3.440791130065918,
    3.440791130065918,
    3.440791130065918,
    3.440791130065918,
    3.54378080368042,
    3.54378080368042,
    3.54378080368042,
    3.54378080368042,
    3.54378080368042,
    3.54378080368042,
    3.54378080368042,
    3.54378080368042,
    3.54378080368042,
    3.54378080368042,
    3.550441265106201,
    3.5620687007904053,
    3.60295033454895,
    3.60295033454895,
    3.604912042617798,
    3.604912042617798,
    3.604912042617798,
    3.648470878601074,
    3.648470878601074,
    3.648470878601074,
    3.648470878601074,
    3.648470878601074,
    3.648470878601074,
    3.648470878601074,
    3.648470878601074,
    3.666363000869751,
    3.670419692993164,
    3.670419692993164,
    3.670419692993164
  ],
  "controller_units": 8,
  "total_generations": 100,
  "total_time_seconds": 730.9799482822418,
  "config": {
    "seed": 42,
    "classical_system": {
      "units": 50,
      "sr": 0.95,
      "lr": 0.3
    },
    "controller": {
      "units": 8
    },
    "chsh_evaluation": {
      "delay": 1
    },
    "simulation": {
      "T_total": 4000,
      "generations": 100,
      "population_size": 10
    }
  }
}