{
  "S_score": 1.6226448698223066,
  "S_score_ci": [
    1.4840887486934662,
    1.7578901022672653
  ],
  "p_classical": 0.0,
  "p_tsirelson": 0.0,
  "pr_box_teacher_loss": 0.0,
  "correlations": {
    "(0, 0)": -0.7874015748031495,
    "(0, 1)": -0.8189655172413793,
    "(1, 0)": -0.8402777777777777,
    "(1, 1)": -0.8240000000000001
  },
  "non_signaling_metric_A": 0.01578199863433838,
  "non_signaling_metric_A_ci": [
    0.005296993535012007,
    0.0722295343875885
  ],
  "non_signaling_metric_B": 0.0,
  "non_signaling_metric_B_ci": [
    0.0,
    0.0
  ],
  "R_effective": 1.0,
  "K_effective": 33.35
}