{
  "best_s_score": 3.4964075088500977,
  "s_score_history": [
    2.0020346641540527,
    2.0020346641540527,
    2.0020346641540527,
    2.002180576324463,
    2.002180576324463,
    2.002180576324463,
    2.0492663383483887,
    2.2151262760162354,
    2.2151262760162354,
    2.2151262760162354,
    2.2151262760162354,
    2.2151262760162354,
    2.2151262760162354,
    2.2151262760162354,
    2.2151262760162354,
    2.2151262760162354,
    2.2151262760162354,
    2.2371315956115723,
    2.4907050132751465,
    2.4907050132751465,
    2.7667605876922607,
    2.889925956726074,
    2.9613542556762695,
    2.9613542556762695,
    2.9613542556762695,
    2.9613542556762695,
    2.9613542556762695,
    2.9613542556762695,
    2.9613542556762695,
    2.9613542556762695,
    2.9981799125671387,
    2.9981799125671387,
    2.9981799125671387,
    2.9981799125671387,
    2.9981799125671387,
    2.9981799125671387,
    2.9981799125671387,
    2.9981799125671387,
    3.039696216583252,
    3.0475118160247803,
    3.0590367317199707,
    3.265082597732544,
    3.265082597732544,
    3.265082597732544,
    3.265082597732544,
    3.2920517921447754,
    3.321570873260498,
    3.321570873260498,
    3.321570873260498,
    3.3238728046417236,
    3.3238728046417236,
    3.3238728046417236,
    3.3238728046417236,
    3.3238728046417236,
    3.3238728046417236,
    3.3238728046417236,
    3.3238728046417236,
    3.3238728046417236,
    3.3238728046417236,
    3.3238728046417236,
    3.3238728046417236,
    3.3238728046417236,
    3.3238728046417236,
    3.3238728046417236,
    3.3238728046417236,
    3.33601450920105,
    3.3431084156036377,
    3.3431084156036377,
    3.3431084156036377,
    3.4046289920806885,
    3.4404149055480957,
    3.4404149055480957,
    3.4404149055480957,
    3.4404149055480957,
    3.4404149055480957,
    3.4404149055480957,
    3.4404149055480957,
    3.4404149055480957,
    3.4404149055480957,
    3.4404149055480957,
    3.4404149055480957,
    3.4404149055480957,
    3.4404149055480957,
    3.4404149055480957,
    3.4404149055480957,
    3.441981792449951,
    3.467759370803833,
    3.467759370803833,
    3.467759370803833,
    3.467759370803833,
    3.467759370803833,
    3.467759370803833,
    3.467759370803833,
    3.467759370803833,
    3.467759370803833,
    3.4693443775177,
    3.4964075088500977,
    3.4964075088500977,
    3.4964075088500977,
    3.4964075088500977
  ],
  "controller_units": 10,
  "total_generations": 100,
  "total_time_seconds": 708.9444875717163,
  "config": {
    "seed": 42,
    "classical_system": {
      "units": 50,
      "sr": 0.95,
      "lr": 0.3
    },
    "controller": {
      "units": 10
    },
    "chsh_evaluation": {
      "delay": 1
    },
    "simulation": {
      "T_total": 4000,
      "generations": 100,
      "population_size": 10
    }
  }
}