{
  "best_s_score": 3.612551212310791,
  "s_score_history": [
    2.0020346641540527,
    2.4337430000305176,
    2.4337430000305176,
    2.4337430000305176,
    2.4337430000305176,
    2.4337430000305176,
    2.4337430000305176,
    2.4337430000305176,
    2.4337430000305176,
    2.4337430000305176,
    2.4337430000305176,
    2.4337430000305176,
    2.4337430000305176,
    2.4337430000305176,
    2.4337430000305176,
    2.4337430000305176,
    2.4337430000305176,
    2.4337430000305176,
    2.4337430000305176,
    2.4337430000305176,
    2.4337430000305176,
    2.4337430000305176,
    2.8303158283233643,
    2.8303158283233643,
    2.8303158283233643,
    2.871389389038086,
    2.871389389038086,
    2.871389389038086,
    2.871389389038086,
    2.871389389038086,
    2.871389389038086,
    2.9649887084960938,
    2.9649887084960938,
    3.1070730686187744,
    3.1070730686187744,
    3.1070730686187744,
    3.1070730686187744,
    3.1070730686187744,
    3.194499969482422,
    3.194499969482422,
    3.259880304336548,
    3.259880304336548,
    3.259880304336548,
    3.259880304336548,
    3.259880304336548,
    3.259880304336548,
    3.3681836128234863,
    3.3687541484832764,
    3.3687541484832764,
    3.3687541484832764,
    3.3687541484832764,
    3.3687541484832764,
    3.44887638092041,
    3.44887638092041,
    3.44887638092041,
    3.44887638092041,
    3.44887638092041,
    3.44887638092041,
    3.44887638092041,
    3.44887638092041,
    3.44887638092041,
    3.44887638092041,
    3.461420774459839,
    3.461420774459839,
    3.461420774459839,
    3.461420774459839,
    3.5044069290161133,
    3.5044069290161133,
    3.5044069290161133,
    3.5044069290161133,
    3.5044069290161133,
    3.5044069290161133,
    3.5044069290161133,
    3.5044069290161133,
    3.5044069290161133,
    3.5044069290161133,
    3.5044069290161133,
    3.612551212310791,
    3.612551212310791,
    3.612551212310791,
    3.612551212310791,
    3.612551212310791,
    3.612551212310791,
    3.612551212310791,
    3.612551212310791,
    3.612551212310791,
    3.612551212310791,
    3.612551212310791,
    3.612551212310791,
    3.612551212310791,
    3.612551212310791,
    3.612551212310791,
    3.612551212310791,
    3.612551212310791,
    3.612551212310791,
    3.612551212310791,
    3.612551212310791,
    3.612551212310791,
    3.612551212310791,
    3.612551212310791
  ],
  "controller_units": 1,
  "total_generations": 100,
  "total_time_seconds": 712.8531801700592,
  "config": {
    "seed": 7777,
    "classical_system": {
      "units": 50,
      "sr": 0.95,
      "lr": 0.3
    },
    "controller": {
      "units": 1
    },
    "chsh_evaluation": {
      "delay": 1
    },
    "simulation": {
      "T_total": 4000,
      "generations": 100,
      "population_size": 10
    }
  }
}