{
  "best_s_score": 2.621892213821411,
  "s_score_history": [
    2.142394542694092,
    2.142394542694092,
    2.142394542694092,
    2.142394542694092,
    2.142394542694092,
    2.142394542694092,
    2.142394542694092,
    2.142394542694092,
    2.142394542694092,
    2.142394542694092,
    2.142394542694092,
    2.142394542694092,
    2.142394542694092,
    2.142394542694092,
    2.142394542694092,
    2.142394542694092,
    2.142394542694092,
    2.142394542694092,
    2.142394542694092,
    2.142394542694092,
    2.142394542694092,
    2.142394542694092,
    2.142394542694092,
    2.142394542694092,
    2.142394542694092,
    2.142394542694092,
    2.142394542694092,
    2.142394542694092,
    2.142394542694092,
    2.142394542694092,
    2.142394542694092,
    2.142394542694092,
    2.142394542694092,
    2.142394542694092,
    2.142394542694092,
    2.142394542694092,
    2.142394542694092,
    2.142394542694092,
    2.142394542694092,
    2.142394542694092,
    2.142394542694092,
    2.142394542694092,
    2.142394542694092,
    2.142394542694092,
    2.142394542694092,
    2.142394542694092,
    2.142394542694092,
    2.142394542694092,
    2.142394542694092,
    2.142394542694092,
    2.142394542694092,
    2.142394542694092,
    2.142394542694092,
    2.142394542694092,
    2.142394542694092,
    2.142394542694092,
    2.142394542694092,
    2.142394542694092,
    2.142394542694092,
    2.142394542694092,
    2.2155373096466064,
    2.328575849533081,
    2.328575849533081,
    2.328575849533081,
    2.328575849533081,
    2.328575849533081,
    2.328575849533081,
    2.328575849533081,
    2.328575849533081,
    2.328575849533081,
    2.328575849533081,
    2.328575849533081,
    2.328575849533081,
    2.33843994140625,
    2.3704140186309814,
    2.3704140186309814,
    2.3704140186309814,
    2.4539926052093506,
    2.4539926052093506,
    2.4539926052093506,
    2.462766170501709,
    2.621892213821411,
    2.621892213821411,
    2.621892213821411,
    2.621892213821411,
    2.621892213821411,
    2.621892213821411,
    2.621892213821411,
    2.621892213821411,
    2.621892213821411,
    2.621892213821411,
    2.621892213821411,
    2.621892213821411,
    2.621892213821411,
    2.621892213821411,
    2.621892213821411,
    2.621892213821411,
    2.621892213821411,
    2.621892213821411,
    2.621892213821411
  ],
  "controller_units": 4,
  "total_generations": 100,
  "total_time_seconds": 726.3108847141266,
  "config": {
    "seed": 42,
    "classical_system": {
      "units": 50,
      "sr": 0.95,
      "lr": 0.3
    },
    "controller": {
      "units": 4
    },
    "chsh_evaluation": {
      "delay": 1
    },
    "simulation": {
      "T_total": 4000,
      "generations": 100,
      "population_size": 10
    }
  }
}