{
  "best_s_score": 3.5340657234191895,
  "s_score_history": [
    2.0,
    2.0,
    2.0,
    2.050259590148926,
    2.050259590148926,
    2.050259590148926,
    2.050259590148926,
    2.050259590148926,
    2.050259590148926,
    2.050259590148926,
    2.48526668548584,
    2.6397130489349365,
    2.6397130489349365,
    2.6397130489349365,
    2.6397130489349365,
    2.6397130489349365,
    2.6397130489349365,
    2.6397130489349365,
    2.6397130489349365,
    2.6397130489349365,
    2.6397130489349365,
    2.6397130489349365,
    2.6397130489349365,
    2.6397130489349365,
    2.6397130489349365,
    2.6397130489349365,
    2.6397130489349365,
    2.6397130489349365,
    2.6397130489349365,
    2.6397130489349365,
    2.6397130489349365,
    2.805816650390625,
    2.805816650390625,
    2.993255138397217,
    2.993255138397217,
    3.2068986892700195,
    3.2068986892700195,
    3.2068986892700195,
    3.2068986892700195,
    3.2068986892700195,
    3.2068986892700195,
    3.2068986892700195,
    3.2068986892700195,
    3.2068986892700195,
    3.2068986892700195,
    3.3802101612091064,
    3.3802101612091064,
    3.3802101612091064,
    3.3802101612091064,
    3.3802101612091064,
    3.3802101612091064,
    3.3802101612091064,
    3.3802101612091064,
    3.3802101612091064,
    3.3802101612091064,
    3.3802101612091064,
    3.3802101612091064,
    3.3802101612091064,
    3.3802101612091064,
    3.3802101612091064,
    3.3802101612091064,
    3.3802101612091064,
    3.3802101612091064,
    3.3802101612091064,
    3.3802101612091064,
    3.3802101612091064,
    3.3802101612091064,
    3.3802101612091064,
    3.3802101612091064,
    3.3802101612091064,
    3.393444299697876,
    3.393444299697876,
    3.396282196044922,
    3.396282196044922,
    3.396282196044922,
    3.4333901405334473,
    3.458021879196167,
    3.458021879196167,
    3.4608705043792725,
    3.4608705043792725,
    3.4608705043792725,
    3.4742062091827393,
    3.4742062091827393,
    3.4742062091827393,
    3.4742062091827393,
    3.4786946773529053,
    3.4786946773529053,
    3.4786946773529053,
    3.4786946773529053,
    3.5022988319396973,
    3.506948709487915,
    3.506948709487915,
    3.506948709487915,
    3.506948709487915,
    3.506948709487915,
    3.506948709487915,
    3.506948709487915,
    3.506948709487915,
    3.533898115158081,
    3.5340657234191895
  ],
  "controller_units": 3,
  "total_generations": 100,
  "total_time_seconds": 755.623214006424,
  "config": {
    "seed": 2024,
    "classical_system": {
      "units": 50,
      "sr": 0.95,
      "lr": 0.3
    },
    "controller": {
      "units": 3
    },
    "chsh_evaluation": {
      "delay": 1
    },
    "simulation": {
      "T_total": 4000,
      "generations": 100,
      "population_size": 10
    }
  }
}