{
  "best_s_score": 2.63980770111084,
  "s_score_history": [
    2.160048484802246,
    2.160048484802246,
    2.160048484802246,
    2.160048484802246,
    2.3726065158843994,
    2.3726065158843994,
    2.3726065158843994,
    2.3726065158843994,
    2.3726065158843994,
    2.3726065158843994,
    2.3726065158843994,
    2.3726065158843994,
    2.3726065158843994,
    2.3726065158843994,
    2.3726065158843994,
    2.3726065158843994,
    2.3726065158843994,
    2.5085794925689697,
    2.5085794925689697,
    2.5144147872924805,
    2.5758769512176514,
    2.6153368949890137,
    2.6153368949890137,
    2.6153368949890137,
    2.6153368949890137,
    2.6153368949890137,
    2.63980770111084,
    2.63980770111084,
    2.63980770111084,
    2.63980770111084,
    2.63980770111084,
    2.63980770111084,
    2.63980770111084,
    2.63980770111084,
    2.63980770111084,
    2.63980770111084,
    2.63980770111084,
    2.63980770111084,
    2.63980770111084,
    2.63980770111084,
    2.63980770111084,
    2.63980770111084,
    2.63980770111084,
    2.63980770111084,
    2.63980770111084,
    2.63980770111084,
    2.63980770111084,
    2.63980770111084,
    2.63980770111084,
    2.63980770111084,
    2.63980770111084,
    2.63980770111084,
    2.63980770111084,
    2.63980770111084,
    2.63980770111084,
    2.63980770111084,
    2.63980770111084,
    2.63980770111084,
    2.63980770111084,
    2.63980770111084,
    2.63980770111084,
    2.63980770111084,
    2.63980770111084,
    2.63980770111084,
    2.63980770111084,
    2.63980770111084,
    2.63980770111084,
    2.63980770111084,
    2.63980770111084,
    2.63980770111084,
    2.63980770111084,
    2.63980770111084,
    2.63980770111084,
    2.63980770111084,
    2.63980770111084,
    2.63980770111084,
    2.63980770111084,
    2.63980770111084,
    2.63980770111084,
    2.63980770111084,
    2.63980770111084,
    2.63980770111084,
    2.63980770111084,
    2.63980770111084,
    2.63980770111084,
    2.63980770111084,
    2.63980770111084,
    2.63980770111084,
    2.63980770111084,
    2.63980770111084,
    2.63980770111084,
    2.63980770111084,
    2.63980770111084,
    2.63980770111084,
    2.63980770111084,
    2.63980770111084,
    2.63980770111084,
    2.63980770111084,
    2.63980770111084,
    2.63980770111084
  ],
  "controller_units": 1,
  "total_generations": 100,
  "total_time_seconds": 727.2934770584106,
  "config": {
    "seed": 42,
    "classical_system": {
      "units": 50,
      "sr": 0.95,
      "lr": 0.3
    },
    "controller": {
      "units": 1
    },
    "chsh_evaluation": {
      "delay": 1
    },
    "simulation": {
      "T_total": 4000,
      "generations": 100,
      "population_size": 10
    }
  }
}