{
  "best_s_score": 2.910860776901245,
  "s_score_history": [
    2.0000994205474854,
    2.0020346641540527,
    2.1418967247009277,
    2.369596481323242,
    2.369596481323242,
    2.369596481323242,
    2.369596481323242,
    2.369596481323242,
    2.369596481323242,
    2.369596481323242,
    2.369596481323242,
    2.369596481323242,
    2.369596481323242,
    2.369596481323242,
    2.369596481323242,
    2.369596481323242,
    2.369596481323242,
    2.369596481323242,
    2.369596481323242,
    2.5792622566223145,
    2.5792622566223145,
    2.5792622566223145,
    2.5792622566223145,
    2.642087697982788,
    2.642087697982788,
    2.642087697982788,
    2.642087697982788,
    2.642087697982788,
    2.642087697982788,
    2.642087697982788,
    2.642087697982788,
    2.642087697982788,
    2.642087697982788,
    2.642087697982788,
    2.6977415084838867,
    2.6977415084838867,
    2.6977415084838867,
    2.803046941757202,
    2.803046941757202,
    2.803046941757202,
    2.803046941757202,
    2.803046941757202,
    2.803046941757202,
    2.803046941757202,
    2.803046941757202,
    2.803046941757202,
    2.803046941757202,
    2.803046941757202,
    2.803046941757202,
    2.803046941757202,
    2.803046941757202,
    2.803046941757202,
    2.803046941757202,
    2.803046941757202,
    2.803046941757202,
    2.803046941757202,
    2.803046941757202,
    2.8108718395233154,
    2.8108718395233154,
    2.8108718395233154,
    2.8108718395233154,
    2.8108718395233154,
    2.8108718395233154,
    2.8108718395233154,
    2.8108718395233154,
    2.8108718395233154,
    2.8108718395233154,
    2.8108718395233154,
    2.8108718395233154,
    2.8108718395233154,
    2.8108718395233154,
    2.844832420349121,
    2.844832420349121,
    2.844832420349121,
    2.844832420349121,
    2.844832420349121,
    2.844832420349121,
    2.844832420349121,
    2.844832420349121,
    2.891066074371338,
    2.891066074371338,
    2.891066074371338,
    2.891066074371338,
    2.891066074371338,
    2.891066074371338,
    2.891066074371338,
    2.891066074371338,
    2.891066074371338,
    2.891066074371338,
    2.891066074371338,
    2.891066074371338,
    2.891066074371338,
    2.891066074371338,
    2.891066074371338,
    2.910860776901245,
    2.910860776901245,
    2.910860776901245,
    2.910860776901245,
    2.910860776901245,
    2.910860776901245
  ],
  "controller_units": 12,
  "total_generations": 100,
  "total_time_seconds": 708.9723536968231,
  "config": {
    "seed": 42,
    "classical_system": {
      "units": 50,
      "sr": 0.95,
      "lr": 0.3
    },
    "controller": {
      "units": 12
    },
    "chsh_evaluation": {
      "delay": 1
    },
    "simulation": {
      "T_total": 4000,
      "generations": 100,
      "population_size": 10
    }
  }
}