{
  "best_s_score": 3.3524272441864014,
  "s_score_history": [
    2.0020346641540527,
    2.007744312286377,
    2.2424421310424805,
    2.2424421310424805,
    2.2424421310424805,
    2.2424421310424805,
    2.2424421310424805,
    2.2424421310424805,
    2.408907175064087,
    2.408907175064087,
    2.408907175064087,
    2.408907175064087,
    2.408907175064087,
    2.408907175064087,
    2.408907175064087,
    2.408907175064087,
    2.408907175064087,
    2.408907175064087,
    2.408907175064087,
    2.408907175064087,
    2.408907175064087,
    2.408907175064087,
    2.408907175064087,
    2.408907175064087,
    2.408907175064087,
    2.408907175064087,
    2.408907175064087,
    2.408907175064087,
    2.408907175064087,
    2.408907175064087,
    2.408907175064087,
    2.413564443588257,
    2.413564443588257,
    2.413564443588257,
    2.413564443588257,
    2.413564443588257,
    2.413564443588257,
    2.4762117862701416,
    2.5253334045410156,
    2.6002984046936035,
    2.6002984046936035,
    2.6002984046936035,
    2.6522276401519775,
    2.674389362335205,
    2.674389362335205,
    2.674389362335205,
    2.674389362335205,
    2.7928476333618164,
    2.9153647422790527,
    2.9153647422790527,
    3.052799701690674,
    3.052799701690674,
    3.1752076148986816,
    3.1752076148986816,
    3.1752076148986816,
    3.1752076148986816,
    3.1752076148986816,
    3.1752076148986816,
    3.258396625518799,
    3.258396625518799,
    3.258396625518799,
    3.258396625518799,
    3.258396625518799,
    3.258396625518799,
    3.258396625518799,
    3.3082518577575684,
    3.3082518577575684,
    3.3082518577575684,
    3.3082518577575684,
    3.3082518577575684,
    3.3082518577575684,
    3.3082518577575684,
    3.3082518577575684,
    3.3082518577575684,
    3.3082518577575684,
    3.3082518577575684,
    3.3082518577575684,
    3.3082518577575684,
    3.3082518577575684,
    3.3082518577575684,
    3.3082518577575684,
    3.3082518577575684,
    3.3082518577575684,
    3.3082518577575684,
    3.3082518577575684,
    3.3082518577575684,
    3.332869529724121,
    3.332869529724121,
    3.332869529724121,
    3.332869529724121,
    3.332869529724121,
    3.332869529724121,
    3.332869529724121,
    3.332869529724121,
    3.332869529724121,
    3.332869529724121,
    3.338493585586548,
    3.338493585586548,
    3.338493585586548,
    3.3524272441864014
  ],
  "controller_units": 7,
  "total_generations": 100,
  "total_time_seconds": 730.4294786453247,
  "config": {
    "seed": 42,
    "classical_system": {
      "units": 50,
      "sr": 0.95,
      "lr": 0.3
    },
    "controller": {
      "units": 7
    },
    "chsh_evaluation": {
      "delay": 1
    },
    "simulation": {
      "T_total": 4000,
      "generations": 100,
      "population_size": 10
    }
  }
}