{
  "best_s_score": 2.469700813293457,
  "s_score_history": [
    1.9999535083770752,
    1.9999535083770752,
    2.014248847961426,
    2.191498279571533,
    2.191498279571533,
    2.191498279571533,
    2.191498279571533,
    2.191498279571533,
    2.191498279571533,
    2.191498279571533,
    2.191498279571533,
    2.191498279571533,
    2.191498279571533,
    2.191498279571533,
    2.191498279571533,
    2.191498279571533,
    2.191498279571533,
    2.191498279571533,
    2.191498279571533,
    2.191498279571533,
    2.191498279571533,
    2.191498279571533,
    2.191498279571533,
    2.191498279571533,
    2.191498279571533,
    2.191498279571533,
    2.191498279571533,
    2.191498279571533,
    2.191498279571533,
    2.191498279571533,
    2.191498279571533,
    2.191498279571533,
    2.191498279571533,
    2.191498279571533,
    2.191498279571533,
    2.191498279571533,
    2.191498279571533,
    2.322918653488159,
    2.322918653488159,
    2.322918653488159,
    2.3262245655059814,
    2.3262245655059814,
    2.3262245655059814,
    2.3262245655059814,
    2.3262245655059814,
    2.469700813293457,
    2.469700813293457,
    2.469700813293457,
    2.469700813293457,
    2.469700813293457,
    2.469700813293457,
    2.469700813293457,
    2.469700813293457,
    2.469700813293457,
    2.469700813293457,
    2.469700813293457,
    2.469700813293457,
    2.469700813293457,
    2.469700813293457,
    2.469700813293457,
    2.469700813293457,
    2.469700813293457,
    2.469700813293457,
    2.469700813293457,
    2.469700813293457,
    2.469700813293457,
    2.469700813293457,
    2.469700813293457,
    2.469700813293457,
    2.469700813293457,
    2.469700813293457,
    2.469700813293457,
    2.469700813293457,
    2.469700813293457,
    2.469700813293457,
    2.469700813293457,
    2.469700813293457,
    2.469700813293457,
    2.469700813293457,
    2.469700813293457,
    2.469700813293457,
    2.469700813293457,
    2.469700813293457,
    2.469700813293457,
    2.469700813293457,
    2.469700813293457,
    2.469700813293457,
    2.469700813293457,
    2.469700813293457,
    2.469700813293457,
    2.469700813293457,
    2.469700813293457,
    2.469700813293457,
    2.469700813293457,
    2.469700813293457,
    2.469700813293457,
    2.469700813293457,
    2.469700813293457,
    2.469700813293457,
    2.469700813293457
  ],
  "controller_units": 11,
  "total_generations": 100,
  "total_time_seconds": 717.5964007377625,
  "config": {
    "seed": 42,
    "classical_system": {
      "units": 50,
      "sr": 0.95,
      "lr": 0.3
    },
    "controller": {
      "units": 11
    },
    "chsh_evaluation": {
      "delay": 1
    },
    "simulation": {
      "T_total": 4000,
      "generations": 100,
      "population_size": 10
    }
  }
}