{
  "s_scores": [
    2.026986598968506,
    2.0,
    2.006690263748169,
    2.002066135406494,
    2.0000510215759277,
    2.0067710876464844,
    2.002066135406494,
    2.0001144409179688,
    2.0,
    2.0,
    2.002066135406494,
    2.0,
    2.0,
    2.0043821334838867,
    2.012752056121826,
    2.0020790100097656,
    2.006491184234619,
    2.0000126361846924,
    2.0,
    2.0041322708129883,
    2.0,
    2.0,
    2.0020787715911865,
    2.0,
    2.0,
    2.004237651824951,
    2.0,
    2.0,
    2.0,
    2.0,
    2.0,
    2.0000672340393066,
    2.0,
    2.002066135406494,
    2.002066135406494,
    2.0041658878326416,
    2.0,
    2.0,
    2.0,
    2.0,
    2.0,
    2.0,
    2.0,
    2.0,
    2.0000336170196533,
    2.0,
    2.0,
    2.0,
    2.0,
    2.0,
    2.0,
    2.0,
    2.0,
    2.0,
    2.0,
    2.0,
    2.0,
    2.0,
    2.0,
    2.0,
    2.0,
    2.002066135406494,
    2.0,
    2.0,
    2.0020790100097656,
    2.0020790100097656,
    2.0000128746032715,
    2.0,
    2.0000336170196533,
    2.0,
    2.00211238861084,
    2.0041322708129883,
    2.0,
    2.0,
    2.0,
    2.002066135406494,
    2.0,
    2.002066135406494,
    2.0,
    2.0,
    2.0,
    2.0,
    2.0,
    2.0,
    2.0,
    2.0,
    2.0,
    2.0,
    2.0,
    2.0,
    2.0,
    2.0,
    2.0,
    2.0,
    2.0,
    2.0,
    2.0,
    2.0,
    2.0,
    2.0
  ],
  "best_s": 2.026986598968506
}