{
  "best_s_score": 3.4681951999664307,
  "s_score_history": [
    1.9999535083770752,
    1.9999535083770752,
    1.9999535083770752,
    1.9999535083770752,
    2.001987934112549,
    2.0020346641540527,
    2.0020346641540527,
    2.0020346641540527,
    2.0020346641540527,
    2.0020346641540527,
    2.0404739379882812,
    2.4307687282562256,
    2.4307687282562256,
    2.45957350730896,
    2.45957350730896,
    2.45957350730896,
    2.45957350730896,
    2.45957350730896,
    2.45957350730896,
    2.45957350730896,
    2.45957350730896,
    2.45957350730896,
    2.45957350730896,
    2.53560471534729,
    2.53560471534729,
    2.53560471534729,
    2.53560471534729,
    2.53560471534729,
    2.53560471534729,
    2.53560471534729,
    2.53560471534729,
    2.53560471534729,
    2.53560471534729,
    2.53560471534729,
    2.53560471534729,
    2.53560471534729,
    2.53560471534729,
    2.814944267272949,
    2.814944267272949,
    2.814944267272949,
    2.814944267272949,
    2.814944267272949,
    2.814944267272949,
    2.814944267272949,
    2.814944267272949,
    2.837785005569458,
    2.837785005569458,
    2.837785005569458,
    2.8596248626708984,
    2.89091157913208,
    3.0584969520568848,
    3.0584969520568848,
    3.113382577896118,
    3.113382577896118,
    3.225745439529419,
    3.225745439529419,
    3.225745439529419,
    3.2485849857330322,
    3.2485849857330322,
    3.2485849857330322,
    3.374267578125,
    3.374267578125,
    3.374267578125,
    3.374267578125,
    3.374267578125,
    3.374267578125,
    3.374267578125,
    3.374267578125,
    3.374267578125,
    3.374267578125,
    3.374267578125,
    3.374267578125,
    3.374267578125,
    3.374267578125,
    3.374267578125,
    3.374267578125,
    3.374267578125,
    3.374267578125,
    3.374267578125,
    3.374267578125,
    3.374267578125,
    3.374267578125,
    3.3895859718322754,
    3.420761823654175,
    3.420761823654175,
    3.4681951999664307,
    3.4681951999664307,
    3.4681951999664307,
    3.4681951999664307,
    3.4681951999664307,
    3.4681951999664307,
    3.4681951999664307,
    3.4681951999664307,
    3.4681951999664307,
    3.4681951999664307,
    3.4681951999664307,
    3.4681951999664307,
    3.4681951999664307,
    3.4681951999664307,
    3.4681951999664307
  ],
  "controller_units": 9,
  "total_generations": 100,
  "total_time_seconds": 722.5995848178864,
  "config": {
    "seed": 42,
    "classical_system": {
      "units": 50,
      "sr": 0.95,
      "lr": 0.3
    },
    "controller": {
      "units": 9
    },
    "chsh_evaluation": {
      "delay": 1
    },
    "simulation": {
      "T_total": 4000,
      "generations": 100,
      "population_size": 10
    }
  }
}