{
  "best_s_score": 3.290236473083496,
  "s_score_history": [
    2.0,
    2.0020346641540527,
    2.037379503250122,
    2.037379503250122,
    2.037379503250122,
    2.037379503250122,
    2.037379503250122,
    2.037379503250122,
    2.037379503250122,
    2.037379503250122,
    2.037379503250122,
    2.037379503250122,
    2.037379503250122,
    2.037379503250122,
    2.037379503250122,
    2.037379503250122,
    2.0823075771331787,
    2.139880657196045,
    2.1971521377563477,
    2.1971521377563477,
    2.4396252632141113,
    2.4396252632141113,
    2.4396252632141113,
    2.4396252632141113,
    2.4396252632141113,
    2.4396252632141113,
    2.4396252632141113,
    2.4396252632141113,
    2.4396252632141113,
    2.4396252632141113,
    2.4396252632141113,
    2.4396252632141113,
    2.4396252632141113,
    2.4396252632141113,
    2.4396252632141113,
    2.4396252632141113,
    2.4396252632141113,
    2.4396252632141113,
    2.4396252632141113,
    2.4396252632141113,
    2.4396252632141113,
    2.4396252632141113,
    2.4396252632141113,
    2.4396252632141113,
    2.4396252632141113,
    2.4396252632141113,
    2.4396252632141113,
    2.4396252632141113,
    2.4396252632141113,
    2.4396252632141113,
    2.4396252632141113,
    2.4396252632141113,
    2.4396252632141113,
    2.4396252632141113,
    2.4396252632141113,
    2.4396252632141113,
    2.4396252632141113,
    2.4396252632141113,
    2.4396252632141113,
    2.4396252632141113,
    2.4396252632141113,
    2.4396252632141113,
    2.4396252632141113,
    2.4396252632141113,
    2.4396252632141113,
    2.4396252632141113,
    2.4396252632141113,
    2.4396252632141113,
    2.4396252632141113,
    2.4396252632141113,
    2.4396252632141113,
    2.548065662384033,
    2.548065662384033,
    2.548065662384033,
    2.548065662384033,
    2.548065662384033,
    2.6979150772094727,
    3.013486862182617,
    3.013486862182617,
    3.013486862182617,
    3.013486862182617,
    3.013486862182617,
    3.013486862182617,
    3.013486862182617,
    3.013486862182617,
    3.0872302055358887,
    3.0872302055358887,
    3.1051506996154785,
    3.140462636947632,
    3.140462636947632,
    3.2061493396759033,
    3.2061493396759033,
    3.2061493396759033,
    3.2061493396759033,
    3.2061493396759033,
    3.2061493396759033,
    3.2061493396759033,
    3.2061493396759033,
    3.2061493396759033,
    3.290236473083496
  ],
  "controller_units": 96,
  "total_generations": 100,
  "total_time_seconds": 892.6444230079651,
  "config": {
    "seed": 42,
    "classical_system": {
      "units": 50,
      "sr": 0.95,
      "lr": 0.3
    },
    "controller": {
      "units": 96
    },
    "chsh_evaluation": {
      "delay": 1
    },
    "simulation": {
      "T_total": 4000,
      "generations": 100,
      "population_size": 10
    }
  }
}