{
  "best_s_score": 2.7773702144622803,
  "s_score_history": [
    2.0020346641540527,
    2.0020346641540527,
    2.0020346641540527,
    2.0020346641540527,
    2.0020346641540527,
    2.0020346641540527,
    2.0020346641540527,
    2.0020346641540527,
    2.0020346641540527,
    2.0020346641540527,
    2.0020346641540527,
    2.0020346641540527,
    2.0020346641540527,
    2.0020346641540527,
    2.0020346641540527,
    2.0020346641540527,
    2.0020346641540527,
    2.0020346641540527,
    2.0020346641540527,
    2.0020346641540527,
    2.0040225982666016,
    2.0040225982666016,
    2.0040225982666016,
    2.0040225982666016,
    2.0040225982666016,
    2.0040225982666016,
    2.0040225982666016,
    2.0040225982666016,
    2.0040225982666016,
    2.0040225982666016,
    2.0040225982666016,
    2.0040225982666016,
    2.0040225982666016,
    2.0040225982666016,
    2.0040225982666016,
    2.0040225982666016,
    2.0040225982666016,
    2.0040225982666016,
    2.0040225982666016,
    2.0040225982666016,
    2.0040690898895264,
    2.0040690898895264,
    2.0040690898895264,
    2.0491437911987305,
    2.0491437911987305,
    2.0491437911987305,
    2.0935111045837402,
    2.0935111045837402,
    2.0935111045837402,
    2.0935111045837402,
    2.0935111045837402,
    2.1233010292053223,
    2.1233010292053223,
    2.1233010292053223,
    2.1233010292053223,
    2.1233010292053223,
    2.130849838256836,
    2.1403286457061768,
    2.169640064239502,
    2.2079105377197266,
    2.2094016075134277,
    2.2584614753723145,
    2.293977737426758,
    2.293977737426758,
    2.293977737426758,
    2.2994706630706787,
    2.2994706630706787,
    2.326709747314453,
    2.326709747314453,
    2.327939748764038,
    2.3285534381866455,
    2.3285534381866455,
    2.3285534381866455,
    2.3285534381866455,
    2.401193857192993,
    2.401193857192993,
    2.550114631652832,
    2.6175661087036133,
    2.6175661087036133,
    2.6175661087036133,
    2.6175661087036133,
    2.6175661087036133,
    2.6273815631866455,
    2.6273815631866455,
    2.6273815631866455,
    2.6273815631866455,
    2.6893391609191895,
    2.6893391609191895,
    2.6893391609191895,
    2.6893391609191895,
    2.694025754928589,
    2.694025754928589,
    2.694025754928589,
    2.7299928665161133,
    2.753122091293335,
    2.753122091293335,
    2.753122091293335,
    2.7542810440063477,
    2.7773702144622803,
    2.7773702144622803
  ],
  "controller_units": 80,
  "total_generations": 100,
  "total_time_seconds": 818.6432702541351,
  "config": {
    "seed": 42,
    "classical_system": {
      "units": 50,
      "sr": 0.95,
      "lr": 0.3
    },
    "controller": {
      "units": 80
    },
    "chsh_evaluation": {
      "delay": 1
    },
    "simulation": {
      "T_total": 4000,
      "generations": 100,
      "population_size": 10
    }
  }
}