{
  "S_score": 1.7382020935643654,
  "S_score_ci": [
    1.5908472925424575,
    1.8741747319698334
  ],
  "p_classical": 0.0,
  "p_tsirelson": 0.0,
  "pr_box_teacher_loss": 0.0,
  "correlations": {
    "(0, 0)": 0.8536585365853658,
    "(0, 1)": 0.8415094339622642,
    "(1, 0)": 0.7906976744186046,
    "(1, 1)": 0.7476635514018691
  },
  "non_signaling_metric_A": 0.010722307488322258,
  "non_signaling_metric_A_ci": [
    0.0039021463599056005,
    0.04423469677567482
  ],
  "non_signaling_metric_B": 0.05473624914884567,
  "non_signaling_metric_B_ci": [
    0.027662944048643112,
    0.11418165266513824
  ],
  "R_effective": 1.0,
  "K_effective": 33.35
}