{
  "best_s_score": 3.7258968353271484,
  "s_score_history": [
    1.9515360593795776,
    2.002180576324463,
    2.048839569091797,
    2.048839569091797,
    2.58638334274292,
    2.58638334274292,
    2.58638334274292,
    2.58638334274292,
    2.9018919467926025,
    2.9018919467926025,
    2.9018919467926025,
    3.046522378921509,
    3.046522378921509,
    3.046522378921509,
    3.0712757110595703,
    3.0712757110595703,
    3.0712757110595703,
    3.0712757110595703,
    3.0712757110595703,
    3.0712757110595703,
    3.0712757110595703,
    3.0712757110595703,
    3.0712757110595703,
    3.0712757110595703,
    3.0712757110595703,
    3.0712757110595703,
    3.0712757110595703,
    3.0712757110595703,
    3.0712757110595703,
    3.0712757110595703,
    3.090510129928589,
    3.090510129928589,
    3.090510129928589,
    3.090510129928589,
    3.090510129928589,
    3.090510129928589,
    3.090510129928589,
    3.090510129928589,
    3.090510129928589,
    3.1253061294555664,
    3.1420044898986816,
    3.1420044898986816,
    3.1420044898986816,
    3.1420044898986816,
    3.259258508682251,
    3.259258508682251,
    3.259258508682251,
    3.259258508682251,
    3.259258508682251,
    3.259258508682251,
    3.259258508682251,
    3.296522855758667,
    3.296522855758667,
    3.296522855758667,
    3.3833117485046387,
    3.3833117485046387,
    3.3833117485046387,
    3.4437921047210693,
    3.4701836109161377,
    3.546456813812256,
    3.546456813812256,
    3.546456813812256,
    3.5543642044067383,
    3.5543642044067383,
    3.5543642044067383,
    3.5543642044067383,
    3.5543642044067383,
    3.5543642044067383,
    3.5543642044067383,
    3.5543642044067383,
    3.5543642044067383,
    3.5543642044067383,
    3.5543642044067383,
    3.5543642044067383,
    3.5543642044067383,
    3.5930213928222656,
    3.696356773376465,
    3.696356773376465,
    3.696356773376465,
    3.696356773376465,
    3.696356773376465,
    3.696356773376465,
    3.697357177734375,
    3.697357177734375,
    3.697357177734375,
    3.697357177734375,
    3.697357177734375,
    3.7036068439483643,
    3.7036068439483643,
    3.7036068439483643,
    3.7036068439483643,
    3.7258968353271484,
    3.7258968353271484,
    3.7258968353271484,
    3.7258968353271484,
    3.7258968353271484,
    3.7258968353271484,
    3.7258968353271484,
    3.7258968353271484,
    3.7258968353271484
  ],
  "controller_units": 6,
  "total_generations": 100,
  "total_time_seconds": 722.9072575569153,
  "config": {
    "seed": 42,
    "classical_system": {
      "units": 50,
      "sr": 0.95,
      "lr": 0.3
    },
    "controller": {
      "units": 6
    },
    "chsh_evaluation": {
      "delay": 1
    },
    "simulation": {
      "T_total": 4000,
      "generations": 100,
      "population_size": 10
    }
  }
}