{
  "best_s_score": 3.445223808288574,
  "s_score_history": [
    2.114720344543457,
    2.114720344543457,
    2.114720344543457,
    2.114720344543457,
    2.125164031982422,
    2.125164031982422,
    2.14794659614563,
    2.2177393436431885,
    2.2177393436431885,
    2.2177393436431885,
    2.2177393436431885,
    2.2177393436431885,
    2.2177393436431885,
    2.2182841300964355,
    2.2182841300964355,
    2.2182841300964355,
    2.2182841300964355,
    2.2182841300964355,
    2.2182841300964355,
    2.2182841300964355,
    2.2850637435913086,
    2.2850637435913086,
    2.3818068504333496,
    2.3818068504333496,
    2.3818068504333496,
    2.3818068504333496,
    2.4576940536499023,
    2.4576940536499023,
    2.4576940536499023,
    2.4576940536499023,
    2.4576940536499023,
    2.4576940536499023,
    2.5327584743499756,
    2.5327584743499756,
    2.5327584743499756,
    2.544628620147705,
    2.544628620147705,
    2.544628620147705,
    2.544628620147705,
    2.544628620147705,
    2.544628620147705,
    2.544628620147705,
    2.544628620147705,
    2.707141399383545,
    2.707141399383545,
    2.707141399383545,
    2.707141399383545,
    2.707141399383545,
    2.707141399383545,
    2.707141399383545,
    2.737658977508545,
    2.8120954036712646,
    2.8152217864990234,
    3.0416922569274902,
    3.0416922569274902,
    3.0416922569274902,
    3.0416922569274902,
    3.0416922569274902,
    3.0416922569274902,
    3.0509071350097656,
    3.1179075241088867,
    3.1179075241088867,
    3.1179075241088867,
    3.1179075241088867,
    3.1179075241088867,
    3.1179075241088867,
    3.1179075241088867,
    3.1179075241088867,
    3.1179075241088867,
    3.1179075241088867,
    3.1440823078155518,
    3.2580950260162354,
    3.2580950260162354,
    3.3325576782226562,
    3.3325576782226562,
    3.3325576782226562,
    3.3325576782226562,
    3.3325576782226562,
    3.3325576782226562,
    3.3325576782226562,
    3.3325576782226562,
    3.397130012512207,
    3.397130012512207,
    3.397130012512207,
    3.397130012512207,
    3.4158689975738525,
    3.4158689975738525,
    3.42844820022583,
    3.42844820022583,
    3.42844820022583,
    3.42844820022583,
    3.42844820022583,
    3.42844820022583,
    3.42844820022583,
    3.42844820022583,
    3.445223808288574,
    3.445223808288574,
    3.445223808288574,
    3.445223808288574,
    3.445223808288574
  ],
  "controller_units": 3,
  "total_generations": 100,
  "total_time_seconds": 741.6654851436615,
  "config": {
    "seed": 42,
    "classical_system": {
      "units": 50,
      "sr": 0.95,
      "lr": 0.3
    },
    "controller": {
      "units": 3
    },
    "chsh_evaluation": {
      "delay": 1
    },
    "simulation": {
      "T_total": 4000,
      "generations": 100,
      "population_size": 10
    }
  }
}