{
  "best_s_score": 3.599411725997925,
  "s_score_history": [
    2.10107421875,
    2.10107421875,
    2.10107421875,
    2.10107421875,
    2.10107421875,
    2.10107421875,
    2.10107421875,
    2.1125380992889404,
    2.1125380992889404,
    2.1125380992889404,
    2.1261630058288574,
    2.1261630058288574,
    2.1261630058288574,
    2.1261630058288574,
    2.2248451709747314,
    2.2248451709747314,
    2.2248451709747314,
    2.378632068634033,
    2.378632068634033,
    2.378632068634033,
    2.378632068634033,
    2.378632068634033,
    2.4548745155334473,
    2.4600141048431396,
    2.4600141048431396,
    2.6290907859802246,
    2.6290907859802246,
    2.6290907859802246,
    2.6290907859802246,
    2.672851324081421,
    2.672851324081421,
    2.6965041160583496,
    2.8385510444641113,
    2.8385510444641113,
    2.983215808868408,
    2.983215808868408,
    2.983215808868408,
    2.983215808868408,
    2.983215808868408,
    3.003112554550171,
    3.003112554550171,
    3.0361547470092773,
    3.0701093673706055,
    3.1136741638183594,
    3.1136741638183594,
    3.1136741638183594,
    3.1136741638183594,
    3.1136741638183594,
    3.1136741638183594,
    3.195680856704712,
    3.195680856704712,
    3.285660743713379,
    3.285660743713379,
    3.285660743713379,
    3.285660743713379,
    3.317443609237671,
    3.317443609237671,
    3.317443609237671,
    3.317443609237671,
    3.349247455596924,
    3.349247455596924,
    3.349247455596924,
    3.349247455596924,
    3.349247455596924,
    3.349247455596924,
    3.349247455596924,
    3.349247455596924,
    3.349247455596924,
    3.349247455596924,
    3.349247455596924,
    3.349247455596924,
    3.349247455596924,
    3.349247455596924,
    3.353555679321289,
    3.353555679321289,
    3.3954594135284424,
    3.4058494567871094,
    3.407623529434204,
    3.435001850128174,
    3.435001850128174,
    3.5006794929504395,
    3.5006794929504395,
    3.5051910877227783,
    3.5274834632873535,
    3.533684492111206,
    3.533684492111206,
    3.568411350250244,
    3.568411350250244,
    3.599411725997925,
    3.599411725997925,
    3.599411725997925,
    3.599411725997925,
    3.599411725997925,
    3.599411725997925,
    3.599411725997925,
    3.599411725997925,
    3.599411725997925,
    3.599411725997925,
    3.599411725997925,
    3.599411725997925
  ],
  "controller_units": 14,
  "total_generations": 100,
  "total_time_seconds": 706.1309049129486,
  "config": {
    "seed": 42,
    "classical_system": {
      "units": 50,
      "sr": 0.95,
      "lr": 0.3
    },
    "controller": {
      "units": 14
    },
    "chsh_evaluation": {
      "delay": 1
    },
    "simulation": {
      "T_total": 4000,
      "generations": 100,
      "population_size": 10
    }
  }
}