{
  "best_s_score": 3.2006819248199463,
  "s_score_history": [
    2.0020346641540527,
    2.0020346641540527,
    2.002180576324463,
    2.002180576324463,
    2.0965497493743896,
    2.0965497493743896,
    2.0965497493743896,
    2.1805601119995117,
    2.1805601119995117,
    2.1805601119995117,
    2.1805601119995117,
    2.1805601119995117,
    2.1805601119995117,
    2.3554201126098633,
    2.3554201126098633,
    2.3554201126098633,
    2.3554201126098633,
    2.3554201126098633,
    2.486020565032959,
    2.486020565032959,
    2.486020565032959,
    2.486020565032959,
    2.486020565032959,
    2.486020565032959,
    2.486020565032959,
    2.486020565032959,
    2.486020565032959,
    2.486020565032959,
    2.486020565032959,
    2.486020565032959,
    2.486020565032959,
    2.486020565032959,
    2.486020565032959,
    2.486020565032959,
    2.486020565032959,
    2.5492520332336426,
    2.5492520332336426,
    2.5492520332336426,
    2.5492520332336426,
    2.5492520332336426,
    2.5492520332336426,
    2.5492520332336426,
    2.5492520332336426,
    2.5492520332336426,
    2.5492520332336426,
    2.5492520332336426,
    2.5492520332336426,
    2.5492520332336426,
    2.5492520332336426,
    2.5492520332336426,
    2.5492520332336426,
    2.5492520332336426,
    2.5492520332336426,
    2.5492520332336426,
    2.5492520332336426,
    2.5492520332336426,
    2.5492520332336426,
    2.5492520332336426,
    2.5492520332336426,
    2.5901939868927,
    2.5901939868927,
    2.5901939868927,
    2.5901939868927,
    2.5901939868927,
    2.6376993656158447,
    2.6376993656158447,
    2.6376993656158447,
    2.6376993656158447,
    2.706991672515869,
    2.7479257583618164,
    2.7479257583618164,
    2.7479257583618164,
    2.7479257583618164,
    2.7948386669158936,
    2.83988618850708,
    2.83988618850708,
    2.83988618850708,
    2.8955488204956055,
    2.9115896224975586,
    2.9473769664764404,
    2.9473769664764404,
    2.9855406284332275,
    2.9855406284332275,
    3.0256547927856445,
    3.0256547927856445,
    3.0256547927856445,
    3.045597553253174,
    3.0997533798217773,
    3.0997533798217773,
    3.1410820484161377,
    3.1410820484161377,
    3.1410820484161377,
    3.1410820484161377,
    3.1410820484161377,
    3.1760621070861816,
    3.1867432594299316,
    3.1867432594299316,
    3.1867432594299316,
    3.1867432594299316,
    3.2006819248199463
  ],
  "controller_units": 3,
  "total_generations": 100,
  "total_time_seconds": 706.8749997615814,
  "config": {
    "seed": 1337,
    "classical_system": {
      "units": 50,
      "sr": 0.95,
      "lr": 0.3
    },
    "controller": {
      "units": 3
    },
    "chsh_evaluation": {
      "delay": 1
    },
    "simulation": {
      "T_total": 4000,
      "generations": 100,
      "population_size": 10
    }
  }
}