{
  "best_s_score": 3.3700661659240723,
  "s_score_history": [
    2.3081276416778564,
    2.3081276416778564,
    2.3081276416778564,
    2.3081276416778564,
    2.3081276416778564,
    2.3081276416778564,
    2.3081276416778564,
    2.3081276416778564,
    2.3081276416778564,
    2.3081276416778564,
    2.4620063304901123,
    2.599531650543213,
    2.599531650543213,
    2.599531650543213,
    2.599531650543213,
    2.599531650543213,
    2.599531650543213,
    2.599531650543213,
    2.599531650543213,
    2.599531650543213,
    2.6301662921905518,
    2.6301662921905518,
    2.6301662921905518,
    2.6301662921905518,
    2.6301662921905518,
    2.6301662921905518,
    2.660183906555176,
    2.8788747787475586,
    2.8788747787475586,
    2.8788747787475586,
    2.8788747787475586,
    3.093367099761963,
    3.093367099761963,
    3.0992507934570312,
    3.0992507934570312,
    3.0992507934570312,
    3.0992507934570312,
    3.0992507934570312,
    3.0992507934570312,
    3.0992507934570312,
    3.0992507934570312,
    3.0992507934570312,
    3.0992507934570312,
    3.0992507934570312,
    3.0992507934570312,
    3.111074924468994,
    3.111074924468994,
    3.2193710803985596,
    3.2193710803985596,
    3.2193710803985596,
    3.2193710803985596,
    3.2193710803985596,
    3.2193710803985596,
    3.2193710803985596,
    3.2193710803985596,
    3.2193710803985596,
    3.2193710803985596,
    3.2193710803985596,
    3.2193710803985596,
    3.2193710803985596,
    3.2193710803985596,
    3.2193710803985596,
    3.2193710803985596,
    3.2193710803985596,
    3.2193710803985596,
    3.2193710803985596,
    3.2193710803985596,
    3.2193710803985596,
    3.2193710803985596,
    3.2193710803985596,
    3.2193710803985596,
    3.2193710803985596,
    3.2193710803985596,
    3.2193710803985596,
    3.225505828857422,
    3.225505828857422,
    3.225505828857422,
    3.2918410301208496,
    3.2918410301208496,
    3.2918410301208496,
    3.2918410301208496,
    3.2918410301208496,
    3.2918410301208496,
    3.2918410301208496,
    3.2918410301208496,
    3.3039069175720215,
    3.3039069175720215,
    3.3039069175720215,
    3.3039069175720215,
    3.3039069175720215,
    3.3039069175720215,
    3.3039069175720215,
    3.3700661659240723,
    3.3700661659240723,
    3.3700661659240723,
    3.3700661659240723,
    3.3700661659240723,
    3.3700661659240723,
    3.3700661659240723,
    3.3700661659240723
  ],
  "controller_units": 3,
  "total_generations": 100,
  "total_time_seconds": 730.2383646965027,
  "config": {
    "seed": 7777,
    "classical_system": {
      "units": 50,
      "sr": 0.95,
      "lr": 0.3
    },
    "controller": {
      "units": 3
    },
    "chsh_evaluation": {
      "delay": 1
    },
    "simulation": {
      "T_total": 4000,
      "generations": 100,
      "population_size": 10
    }
  }
}