{
  "best_s_score": 3.6875996589660645,
  "s_score_history": [
    2.0000994205474854,
    2.0020346641540527,
    2.2466511726379395,
    2.2466511726379395,
    2.2466511726379395,
    2.2466511726379395,
    2.2466511726379395,
    2.2466511726379395,
    2.2466511726379395,
    2.2466511726379395,
    2.2466511726379395,
    2.2466511726379395,
    2.3685150146484375,
    2.3685150146484375,
    2.830845832824707,
    2.830845832824707,
    2.830845832824707,
    2.830845832824707,
    2.830845832824707,
    2.830845832824707,
    2.830845832824707,
    2.830845832824707,
    2.830845832824707,
    2.830845832824707,
    2.830845832824707,
    2.830845832824707,
    2.830845832824707,
    2.830845832824707,
    2.830845832824707,
    2.830845832824707,
    2.830845832824707,
    2.830845832824707,
    2.830845832824707,
    2.830845832824707,
    2.9727535247802734,
    3.0222887992858887,
    3.061231851577759,
    3.061231851577759,
    3.0921289920806885,
    3.0921289920806885,
    3.2763233184814453,
    3.3438756465911865,
    3.3438756465911865,
    3.3438756465911865,
    3.3438756465911865,
    3.3438756465911865,
    3.3438756465911865,
    3.3438756465911865,
    3.3438756465911865,
    3.3684685230255127,
    3.4143552780151367,
    3.4143552780151367,
    3.4143552780151367,
    3.4143552780151367,
    3.4143552780151367,
    3.5297799110412598,
    3.63991641998291,
    3.63991641998291,
    3.63991641998291,
    3.63991641998291,
    3.63991641998291,
    3.63991641998291,
    3.63991641998291,
    3.63991641998291,
    3.63991641998291,
    3.63991641998291,
    3.63991641998291,
    3.63991641998291,
    3.63991641998291,
    3.63991641998291,
    3.651505947113037,
    3.651505947113037,
    3.651505947113037,
    3.651505947113037,
    3.651505947113037,
    3.651505947113037,
    3.651505947113037,
    3.651505947113037,
    3.651505947113037,
    3.651505947113037,
    3.651505947113037,
    3.651505947113037,
    3.651505947113037,
    3.651505947113037,
    3.651505947113037,
    3.651505947113037,
    3.651505947113037,
    3.651505947113037,
    3.651505947113037,
    3.651505947113037,
    3.651505947113037,
    3.651505947113037,
    3.651505947113037,
    3.651505947113037,
    3.651505947113037,
    3.651505947113037,
    3.651505947113037,
    3.651505947113037,
    3.651505947113037,
    3.6875996589660645
  ],
  "controller_units": 1,
  "total_generations": 100,
  "total_time_seconds": 711.1797399520874,
  "config": {
    "seed": 101,
    "classical_system": {
      "units": 50,
      "sr": 0.95,
      "lr": 0.3
    },
    "controller": {
      "units": 1
    },
    "chsh_evaluation": {
      "delay": 1
    },
    "simulation": {
      "T_total": 4000,
      "generations": 100,
      "population_size": 10
    }
  }
}