{
  "s_scores": [
    2.1071112155914307,
    2.0,
    1.9746668338775635,
    2.0,
    2.7344443798065186,
    2.0002222061157227,
    2.2257778644561768,
    2.3933334350585938,
    2.5722222328186035,
    2.3775553703308105,
    2.9408888816833496,
    2.63444447517395,
    3.6931111812591553,
    3.29022216796875,
    2.0628890991210938,
    2.507110834121704,
    3.3882222175598145,
    3.3142223358154297,
    3.164888858795166,
    3.150444507598877,
    3.6764445304870605,
    3.248666763305664,
    3.218222141265869,
    3.3215556144714355,
    3.3379998207092285,
    3.729555606842041,
    3.4895553588867188,
    3.5444445610046387,
    3.736888885498047,
    3.6204445362091064,
    3.717111110687256,
    3.622666597366333,
    3.9602222442626953,
    3.7602224349975586,
    3.8684444427490234,
    3.7457776069641113,
    3.9904446601867676,
    3.9422223567962646,
    3.9837777614593506,
    3.8722221851348877,
    3.984889030456543,
    3.931333541870117,
    3.907777786254883,
    3.906222343444824,
    3.9679999351501465,
    3.9186668395996094,
    3.9060001373291016,
    3.968444585800171,
    3.983555555343628,
    3.9746665954589844,
    3.978888988494873,
    3.9271111488342285,
    3.905777931213379,
    3.955111265182495,
    3.996666669845581,
    3.9526665210723877,
    3.9877777099609375,
    3.968444585800171,
    3.9984445571899414,
    3.9991111755371094,
    3.9995555877685547,
    3.9911112785339355,
    3.9982223510742188,
    3.9997777938842773,
    3.9997777938842773,
    3.9997777938842773,
    4.0,
    4.0,
    4.0,
    4.0,
    4.0,
    4.0,
    3.9988889694213867,
    3.9975554943084717,
    4.0,
    4.0,
    4.0,
    3.9997777938842773,
    4.0,
    4.0,
    4.0,
    4.0,
    4.0,
    4.0,
    4.0,
    4.0,
    4.0,
    4.0,
    4.0,
    4.0,
    4.0,
    4.0,
    4.0,
    4.0,
    4.0,
    4.0,
    4.0,
    4.0,
    4.0,
    4.0
  ],
  "best_s": 4.0
}